Time (s),Position X (m),Position Y (m),Velocity (m/s),Heading,Yawrate,Length (m),Width (m),Vehicle Number,Agent_Type,Vx,Vy,Ax,Ay,V_lon,V_lat,A_lon,A_lat,2_Position X (m),2_Position Y (m),2_Velocity (m/s),2_Heading,2_Yawrate,2_Length (m),2_Width (m),2_Vehicle Number,2_Agent_Type,2_Vx,2_Vy,2_Ax,2_Ay,2_V_lon,2_V_lat,2_A_lon,2_A_lat
811.8,131.562,-33.305,7.862,-1.714,0,4.692,1.843,266,car,-1.027,-7.794,0.07,0.672,7.861,-0.099,-0.675,0.026,178.624,-39.833,14.081,-2.801,0.0067,4.655,1.959,267,car,-13.37,-4.418,-1.396,-0.887,14.078,0.301,1.612,-0.37
811.84,131.521,-33.615,7.836,-1.714,0,4.692,1.843,266,car,-1.027,-7.768,0.058,0.688,7.835,-0.095,-0.689,0.041,178.092,-40.01,14.164,-2.801,0.0075,4.655,1.959,267,car,-13.443,-4.463,-1.402,-0.891,14.161,0.287,1.619,-0.371
811.88,131.479,-33.925,7.81,-1.714,0,4.692,1.843,266,car,-1.026,-7.742,0.048,0.705,7.809,-0.092,-0.704,0.053,177.553,-40.19,14.247,-2.8,0.0088,4.655,1.959,267,car,-13.515,-4.508,-1.391,-0.884,14.244,0.277,1.607,-0.367
811.92,131.439,-34.233,7.783,-1.714,0,4.692,1.843,266,car,-1.026,-7.715,0.04,0.723,7.783,-0.088,-0.722,0.064,177.009,-40.373,14.328,-2.799,0.01,4.655,1.959,267,car,-13.586,-4.552,-1.365,-0.869,14.326,0.271,1.577,-0.361
811.96,131.398,-34.541,7.756,-1.714,0,4.692,1.843,266,car,-1.027,-7.688,0.033,0.743,7.756,-0.083,-0.74,0.073,176.46,-40.559,14.406,-2.798,0.0109,4.655,1.959,267,car,-13.654,-4.594,-1.324,-0.846,14.404,0.266,1.531,-0.351
812,131.356,-34.847,7.728,-1.714,0,4.692,1.843,266,car,-1.028,-7.66,0.029,0.765,7.728,-0.079,-0.761,0.08,175.907,-40.748,14.48,-2.798,0.0115,4.655,1.959,267,car,-13.719,-4.633,-1.27,-0.816,14.478,0.263,1.471,-0.34
812.04,131.317,-35.155,7.699,-1.714,0,4.692,1.843,266,car,-1.029,-7.63,0.028,0.788,7.699,-0.073,-0.784,0.085,175.351,-40.937,14.548,-2.797,0.012,4.655,1.959,267,car,-13.778,-4.67,-1.207,-0.782,14.546,0.257,1.4,-0.329
812.08,131.275,-35.46,7.669,-1.714,0,4.692,1.843,266,car,-1.03,-7.6,0.028,0.812,7.669,-0.067,-0.807,0.088,174.793,-41.129,14.611,-2.796,0.0123,4.655,1.959,267,car,-13.833,-4.704,-1.136,-0.745,14.609,0.254,1.321,-0.316
812.12,131.232,-35.763,7.638,-1.714,0,4.692,1.843,266,car,-1.031,-7.568,0.031,0.837,7.638,-0.061,-0.833,0.089,174.233,-41.321,14.668,-2.796,0.0124,4.655,1.959,267,car,-13.883,-4.735,-1.059,-0.705,14.666,0.252,1.236,-0.304
812.16,131.188,-36.065,7.606,-1.714,0,4.692,1.843,266,car,-1.03,-7.536,0.035,0.863,7.606,-0.056,-0.859,0.089,173.672,-41.514,14.719,-2.795,0.0125,4.655,1.959,267,car,-13.927,-4.763,-0.98,-0.665,14.717,0.251,1.147,-0.293
812.2,131.148,-36.365,7.573,-1.714,0,4.692,1.843,266,car,-1.03,-7.503,0.04,0.89,7.573,-0.05,-0.887,0.088,173.109,-41.707,14.765,-2.795,0.0125,4.655,1.959,267,car,-13.966,-4.789,-0.899,-0.625,14.763,0.246,1.058,-0.282
812.24,131.106,-36.665,7.538,-1.714,0,4.692,1.843,266,car,-1.029,-7.468,0.045,0.918,7.538,-0.045,-0.915,0.086,172.546,-41.901,14.805,-2.794,0.0124,4.655,1.959,267,car,-14.001,-4.812,-0.819,-0.587,14.803,0.244,0.97,-0.273
812.28,131.063,-36.963,7.503,-1.714,0,4.692,1.843,266,car,-1.026,-7.432,0.05,0.948,7.503,-0.041,-0.945,0.085,171.983,-42.095,14.841,-2.794,0.0122,4.655,1.959,267,car,-14.031,-4.834,-0.741,-0.55,14.839,0.242,0.884,-0.265
812.32,131.023,-37.259,7.467,-1.713,0,4.692,1.843,266,car,-1.025,-7.396,0.055,0.978,7.466,-0.037,-0.976,0.084,171.419,-42.29,14.872,-2.793,0.0119,4.655,1.959,267,car,-14.058,-4.854,-0.665,-0.516,14.87,0.242,0.801,-0.257
812.36,130.985,-37.554,7.429,-1.713,0,4.692,1.843,266,car,-1.024,-7.358,0.061,1.01,7.429,-0.032,-1.009,0.083,170.855,-42.485,14.9,-2.792,0.0116,4.655,1.959,267,car,-14.081,-4.871,-0.593,-0.484,14.898,0.241,0.723,-0.252
812.4,130.946,-37.848,7.39,-1.713,0,4.692,1.843,266,car,-1.024,-7.319,0.069,1.044,7.39,-0.026,-1.043,0.08,170.291,-42.681,14.924,-2.792,0.0112,4.655,1.959,267,car,-14.101,-4.888,-0.525,-0.455,14.922,0.24,0.649,-0.247
812.44,130.906,-38.14,7.35,-1.713,0,4.692,1.843,266,car,-1.023,-7.278,0.079,1.078,7.35,-0.021,-1.078,0.075,169.725,-42.877,14.944,-2.791,0.0107,4.655,1.959,267,car,-14.117,-4.903,-0.46,-0.429,14.942,0.24,0.58,-0.245
812.48,130.864,-38.429,7.309,-1.713,0,4.692,1.843,266,car,-1.022,-7.237,0.091,1.114,7.309,-0.016,-1.115,0.068,169.158,-43.074,14.962,-2.791,0.0103,4.655,1.959,267,car,-14.131,-4.917,-0.401,-0.406,14.96,0.236,0.516,-0.244
812.52,130.821,-38.716,7.266,-1.714,0,4.692,1.843,266,car,-1.02,-7.194,0.105,1.151,7.266,-0.015,-1.155,0.06,168.592,-43.27,14.976,-2.791,0.0099,4.655,1.959,267,car,-14.141,-4.93,-0.346,-0.386,14.974,0.233,0.458,-0.244
812.56,130.781,-39.003,7.222,-1.714,0,4.692,1.843,266,car,-1.017,-7.15,0.121,1.191,7.222,-0.012,-1.196,0.05,168.025,-43.468,14.988,-2.79,0.0097,4.655,1.959,267,car,-14.15,-4.942,-0.298,-0.37,14.986,0.228,0.407,-0.245
812.6,130.739,-39.29,7.176,-1.714,0,4.692,1.843,266,car,-1.013,-7.104,0.138,1.233,7.176,-0.01,-1.24,0.039,167.458,-43.666,14.997,-2.79,0.0096,4.655,1.959,267,car,-14.155,-4.954,-0.255,-0.356,14.996,0.226,0.362,-0.246
812.64,130.695,-39.573,7.128,-1.714,0,4.692,1.843,266,car,-1.007,-7.056,0.155,1.276,7.128,-0.007,-1.285,0.028,166.892,-43.864,15.005,-2.79,0.0097,4.655,1.959,267,car,-14.16,-4.966,-0.217,-0.345,15.004,0.221,0.323,-0.249
812.68,130.655,-39.855,7.078,-1.713,0,4.692,1.843,266,car,-1.001,-7.007,0.171,1.32,7.078,-0.005,-1.331,0.018,166.326,-44.063,15.012,-2.79,0.0101,4.655,1.959,267,car,-14.163,-4.976,-0.186,-0.337,15.01,0.21,0.291,-0.253
812.72,130.615,-40.136,7.025,-1.713,-0.0024,4.692,1.843,266,car,-0.993,-6.954,0.187,1.365,7.025,-0.005,-1.378,0.009,165.76,-44.262,15.017,-2.79,0.0108,4.655,1.959,267,car,-14.165,-4.987,-0.16,-0.333,15.016,0.197,0.265,-0.257
812.76,130.574,-40.414,6.97,-1.713,-0.0031,4.692,1.843,266,car,-0.985,-6.9,0.203,1.411,6.97,-0.006,-1.425,0,165.194,-44.462,15.022,-2.79,0.0118,4.655,1.959,267,car,-14.167,-4.997,-0.139,-0.331,15.021,0.185,0.244,-0.263
812.8,130.534,-40.691,6.912,-1.713,-0.0039,4.692,1.843,266,car,-0.975,-6.843,0.217,1.456,6.912,-0.007,-1.472,-0.008,164.629,-44.661,15.027,-2.79,0.0131,4.655,1.959,267,car,-14.168,-5.008,-0.123,-0.331,15.026,0.175,0.229,-0.269
812.84,130.493,-40.964,6.852,-1.713,-0.0047,4.692,1.843,266,car,-0.965,-6.783,0.229,1.5,6.852,-0.009,-1.518,-0.013,164.064,-44.861,15.032,-2.79,0.0146,4.655,1.959,267,car,-14.169,-5.019,-0.11,-0.335,15.031,0.17,0.219,-0.276
812.88,130.453,-41.236,6.789,-1.714,-0.0055,4.692,1.843,266,car,-0.953,-6.722,0.239,1.543,6.789,-0.014,-1.562,-0.017,163.499,-45.061,15.037,-2.789,0.0163,4.655,1.959,267,car,-14.171,-5.03,-0.101,-0.34,15.036,0.171,0.212,-0.285
812.92,130.415,-41.505,6.724,-1.714,-0.0061,4.692,1.843,266,car,-0.94,-6.658,0.246,1.584,6.724,-0.019,-1.603,-0.017,162.933,-45.262,15.043,-2.788,0.018,4.655,1.959,267,car,-14.173,-5.042,-0.094,-0.348,15.042,0.171,0.209,-0.294
812.96,130.378,-41.771,6.657,-1.714,-0.0067,4.692,1.843,266,car,-0.928,-6.592,0.25,1.623,6.657,-0.024,-1.642,-0.016,162.368,-45.463,15.049,-2.788,0.0199,4.655,1.959,267,car,-14.175,-5.055,-0.09,-0.357,15.048,0.173,0.208,-0.303
813,130.342,-42.034,6.588,-1.715,-0.0071,4.692,1.843,266,car,-0.915,-6.524,0.252,1.659,6.588,-0.029,-1.678,-0.012,161.803,-45.665,15.056,-2.787,0.0217,4.655,1.959,267,car,-14.177,-5.068,-0.086,-0.367,15.055,0.175,0.208,-0.314
813.04,130.308,-42.294,6.517,-1.715,-0.0072,4.692,1.843,266,car,-0.904,-6.454,0.252,1.692,6.517,-0.036,-1.711,-0.006,161.237,-45.866,15.063,-2.786,0.0235,4.655,1.959,267,car,-14.18,-5.082,-0.084,-0.377,15.062,0.177,0.21,-0.325
813.08,130.274,-42.552,6.446,-1.716,-0.0071,4.692,1.843,266,car,-0.893,-6.383,0.251,1.722,6.445,-0.041,-1.74,0.001,160.67,-46.069,15.071,-2.785,0.0251,4.655,1.959,267,car,-14.183,-5.097,-0.082,-0.388,15.07,0.18,0.212,-0.335
813.12,130.24,-42.807,6.372,-1.717,-0.0067,4.692,1.843,266,car,-0.883,-6.311,0.25,1.748,6.372,-0.045,-1.766,0.007,160.103,-46.273,15.079,-2.783,0.0265,4.655,1.959,267,car,-14.186,-5.113,-0.08,-0.4,15.078,0.186,0.215,-0.346
813.16,130.207,-43.058,6.298,-1.718,-0.0059,4.692,1.843,266,car,-0.874,-6.237,0.249,1.77,6.298,-0.048,-1.787,0.013,159.535,-46.478,15.087,-2.782,0.0276,4.655,1.959,267,car,-14.189,-5.129,-0.078,-0.411,15.086,0.193,0.218,-0.357
813.2,130.174,-43.305,6.223,-1.718,-0.0048,4.692,1.843,266,car,-0.866,-6.162,0.249,1.789,6.223,-0.049,-1.806,0.016,158.967,-46.684,15.095,-2.78,0.0284,4.655,1.959,267,car,-14.191,-5.145,-0.077,-0.422,15.094,0.204,0.221,-0.367
813.24,130.139,-43.55,6.148,-1.719,-0.0036,4.692,1.843,266,car,-0.857,-6.087,0.251,1.803,6.147,-0.05,-1.821,0.018,158.399,-46.89,15.103,-2.779,0.029,4.655,1.959,267,car,-14.194,-5.162,-0.077,-0.434,15.102,0.215,0.226,-0.378
813.28,130.105,-43.79,6.072,-1.719,-0.0023,4.692,1.843,266,car,-0.849,-6.012,0.254,1.815,6.072,-0.05,-1.833,0.017,157.831,-47.096,15.111,-2.777,0.0292,4.655,1.959,267,car,-14.196,-5.179,-0.077,-0.445,15.11,0.224,0.231,-0.388
813.32,130.07,-44.026,5.997,-1.719,0,4.692,1.843,266,car,-0.839,-5.938,0.259,1.825,5.997,-0.05,-1.843,0.014,157.264,-47.303,15.12,-2.776,0.0293,4.655,1.959,267,car,-14.199,-5.197,-0.078,-0.457,15.119,0.229,0.236,-0.398
813.36,130.035,-44.26,5.923,-1.719,0,4.692,1.843,266,car,-0.829,-5.865,0.264,1.833,5.923,-0.045,-1.852,0.01,156.697,-47.511,15.13,-2.774,0.0292,4.655,1.959,267,car,-14.202,-5.216,-0.079,-0.468,15.128,0.232,0.242,-0.408
813.4,130.001,-44.492,5.849,-1.717,0,4.692,1.843,266,car,-0.818,-5.791,0.268,1.841,5.849,-0.036,-1.861,0.003,156.129,-47.72,15.139,-2.773,0.0289,4.655,1.959,267,car,-14.205,-5.235,-0.08,-0.478,15.137,0.231,0.247,-0.417
813.44,129.965,-44.723,5.774,-1.716,0,4.692,1.843,266,car,-0.806,-5.717,0.273,1.849,5.774,-0.033,-1.869,-0.001,155.561,-47.929,15.149,-2.772,0.0288,4.655,1.959,267,car,-14.209,-5.255,-0.081,-0.488,15.148,0.226,0.252,-0.426
813.48,129.928,-44.953,5.697,-1.716,0,4.692,1.843,266,car,-0.792,-5.642,0.274,1.856,5.697,-0.034,-1.876,-0.003,154.993,-48.14,15.16,-2.772,0.0287,4.655,1.959,267,car,-14.212,-5.275,-0.082,-0.497,15.158,0.22,0.256,-0.434
813.52,129.894,-45.178,5.619,-1.716,0,4.692,1.843,266,car,-0.776,-5.565,0.272,1.861,5.619,-0.037,-1.881,0,154.424,-48.351,15.17,-2.771,0.0288,4.655,1.959,267,car,-14.216,-5.296,-0.082,-0.506,15.169,0.216,0.26,-0.442
813.56,129.86,-45.401,5.541,-1.716,0,4.692,1.843,266,car,-0.759,-5.488,0.264,1.864,5.54,-0.041,-1.882,0.008,153.855,-48.563,15.181,-2.77,0.029,4.655,1.959,267,car,-14.219,-5.316,-0.082,-0.514,15.179,0.214,0.263,-0.449
813.6,129.829,-45.621,5.461,-1.716,-0.0021,4.692,1.843,266,car,-0.743,-5.41,0.25,1.864,5.461,-0.046,-1.88,0.021,153.287,-48.776,15.192,-2.768,0.0292,4.655,1.959,267,car,-14.223,-5.338,-0.082,-0.521,15.19,0.214,0.266,-0.455
813.64,129.799,-45.837,5.381,-1.716,-0.0031,4.692,1.843,266,car,-0.726,-5.332,0.23,1.86,5.381,-0.051,-1.873,0.041,152.719,-48.99,15.203,-2.767,0.0294,4.655,1.959,267,car,-14.227,-5.36,-0.081,-0.527,15.202,0.212,0.268,-0.461
813.68,129.771,-46.05,5.301,-1.716,-0.0044,4.692,1.843,266,car,-0.711,-5.253,0.204,1.852,5.301,-0.056,-1.862,0.066,152.151,-49.204,15.215,-2.766,0.0297,4.655,1.959,267,car,-14.232,-5.382,-0.079,-0.532,15.214,0.212,0.269,-0.466
813.72,129.744,-46.26,5.221,-1.716,-0.0057,4.692,1.843,266,car,-0.697,-5.174,0.171,1.839,5.221,-0.06,-1.845,0.097,151.583,-49.42,15.228,-2.765,0.0299,4.655,1.959,267,car,-14.237,-5.404,-0.076,-0.537,15.226,0.212,0.268,-0.471
813.76,129.719,-46.467,5.141,-1.716,-0.0071,4.692,1.843,266,car,-0.686,-5.095,0.134,1.821,5.141,-0.062,-1.821,0.132,151.013,-49.637,15.24,-2.764,0.0302,4.655,1.959,267,car,-14.241,-5.427,-0.071,-0.54,15.239,0.213,0.265,-0.475
813.8,129.697,-46.67,5.062,-1.717,-0.0086,4.692,1.843,266,car,-0.678,-5.017,0.093,1.798,5.062,-0.06,-1.792,0.17,150.443,-49.854,15.252,-2.762,0.0304,4.655,1.959,267,car,-14.246,-5.449,-0.064,-0.542,15.251,0.215,0.26,-0.48
813.84,129.671,-46.869,4.985,-1.717,-0.0102,4.692,1.843,266,car,-0.672,-4.939,0.05,1.769,4.985,-0.056,-1.758,0.209,149.873,-50.072,15.264,-2.761,0.0305,4.655,1.959,267,car,-14.25,-5.472,-0.056,-0.543,15.263,0.214,0.253,-0.483
813.88,129.649,-47.064,4.909,-1.718,-0.0118,4.692,1.843,266,car,-0.67,-4.863,0.006,1.735,4.909,-0.048,-1.717,0.248,149.302,-50.291,15.276,-2.76,0.0306,4.655,1.959,267,car,-14.253,-5.495,-0.046,-0.543,15.274,0.213,0.245,-0.487
813.92,129.627,-47.257,4.836,-1.718,-0.0137,4.692,1.843,266,car,-0.672,-4.789,-0.037,1.695,4.835,-0.036,-1.672,0.285,148.73,-50.511,15.286,-2.758,0.0306,4.655,1.959,267,car,-14.255,-5.518,-0.036,-0.541,15.284,0.212,0.236,-0.489
813.96,129.603,-47.446,4.764,-1.718,-0.0158,4.692,1.843,266,car,-0.676,-4.716,-0.078,1.651,4.764,-0.022,-1.622,0.319,148.159,-50.732,15.296,-2.757,0.0307,4.655,1.959,267,car,-14.257,-5.541,-0.025,-0.539,15.294,0.212,0.225,-0.49
814,129.577,-47.632,4.696,-1.718,-0.0182,4.692,1.843,266,car,-0.683,-4.646,-0.115,1.602,4.696,-0.006,-1.567,0.349,147.588,-50.954,15.304,-2.756,0.0307,4.655,1.959,267,car,-14.257,-5.564,-0.015,-0.534,15.303,0.209,0.215,-0.489
814.04,129.548,-47.816,4.63,-1.719,-0.021,4.692,1.843,266,car,-0.691,-4.578,-0.149,1.548,4.629,0.009,-1.51,0.375,147.016,-51.177,15.313,-2.755,0.0308,4.655,1.959,267,car,-14.257,-5.587,-0.005,-0.529,15.311,0.203,0.204,-0.488
814.08,129.519,-47.997,4.566,-1.719,-0.0241,4.692,1.843,266,car,-0.699,-4.512,-0.18,1.491,4.566,0.024,-1.448,0.399,146.446,-51.401,15.32,-2.754,0.031,4.655,1.959,267,car,-14.256,-5.609,0.003,-0.521,15.319,0.197,0.194,-0.484
814.12,129.487,-48.173,4.506,-1.72,-0.0276,4.692,1.843,266,car,-0.707,-4.45,-0.21,1.432,4.506,0.038,-1.384,0.42,145.876,-51.626,15.328,-2.753,0.0311,4.655,1.959,267,car,-14.256,-5.632,0.011,-0.513,15.326,0.194,0.184,-0.479
814.16,129.456,-48.347,4.45,-1.721,-0.0315,4.692,1.843,266,car,-0.715,-4.392,-0.24,1.37,4.45,0.052,-1.319,0.441,145.306,-51.852,15.335,-2.752,0.0313,4.655,1.959,267,car,-14.254,-5.653,0.019,-0.503,15.333,0.19,0.174,-0.473
814.2,129.427,-48.517,4.398,-1.722,-0.0358,4.692,1.843,266,car,-0.725,-4.338,-0.269,1.308,4.398,0.064,-1.253,0.463,144.735,-52.078,15.341,-2.75,0.0313,4.655,1.959,267,car,-14.253,-5.675,0.025,-0.492,15.34,0.192,0.164,-0.464
814.24,129.4,-48.684,4.351,-1.723,-0.0407,4.692,1.843,266,car,-0.736,-4.289,-0.299,1.249,4.351,0.078,-1.189,0.484,144.164,-52.307,15.346,-2.748,0.031,4.655,1.959,267,car,-14.25,-5.696,0.031,-0.48,15.345,0.2,0.156,-0.455
814.28,129.374,-48.854,4.308,-1.724,-0.0461,4.692,1.843,266,car,-0.75,-4.242,-0.327,1.192,4.307,0.096,-1.128,0.504,143.594,-52.535,15.352,-2.747,0.0304,4.655,1.959,267,car,-14.248,-5.716,0.035,-0.467,15.35,0.208,0.148,-0.444
814.32,129.345,-49.023,4.266,-1.724,-0.0523,4.692,1.843,266,car,-0.765,-4.197,-0.353,1.139,4.265,0.114,-1.071,0.523,143.025,-52.765,15.357,-2.745,0.0296,4.655,1.959,267,car,-14.246,-5.735,0.038,-0.453,15.355,0.218,0.14,-0.432
814.36,129.314,-49.193,4.227,-1.726,-0.059,4.692,1.843,266,car,-0.782,-4.154,-0.376,1.087,4.225,0.131,-1.016,0.54,142.456,-52.995,15.362,-2.743,0.0284,4.655,1.959,267,car,-14.243,-5.753,0.04,-0.438,15.36,0.23,0.134,-0.419
814.4,129.28,-49.361,4.188,-1.728,-0.0663,4.692,1.843,266,car,-0.799,-4.111,-0.398,1.038,4.185,0.145,-0.963,0.555,141.887,-53.227,15.366,-2.741,0.0269,4.655,1.959,267,car,-14.241,-5.771,0.041,-0.424,15.364,0.236,0.127,-0.406
814.44,129.245,-49.527,4.15,-1.731,-0.074,4.692,1.843,266,car,-0.815,-4.069,-0.418,0.988,4.147,0.157,-0.909,0.57,141.317,-53.459,15.37,-2.74,0.0255,4.655,1.959,267,car,-14.239,-5.787,0.043,-0.41,15.369,0.236,0.121,-0.394
814.48,129.212,-49.69,4.114,-1.733,-0.0821,4.692,1.843,266,car,-0.832,-4.029,-0.438,0.938,4.111,0.169,-0.855,0.584,140.749,-53.693,15.374,-2.74,0.0241,4.655,1.959,267,car,-14.238,-5.802,0.044,-0.397,15.373,0.231,0.115,-0.382
814.52,129.175,-49.851,4.08,-1.737,-0.0905,4.692,1.843,266,car,-0.849,-3.991,-0.458,0.888,4.076,0.178,-0.8,0.598,140.18,-53.927,15.378,-2.739,0.0232,4.655,1.959,267,car,-14.236,-5.816,0.045,-0.385,15.376,0.221,0.11,-0.372
814.56,129.139,-50.01,4.048,-1.74,-0.099,4.692,1.843,266,car,-0.866,-3.954,-0.479,0.836,4.044,0.186,-0.744,0.614,139.611,-54.162,15.382,-2.74,0.0227,4.655,1.959,267,car,-14.235,-5.828,0.046,-0.376,15.38,0.197,0.104,-0.364
814.6,129.103,-50.168,4.018,-1.744,-0.1078,4.692,1.843,266,car,-0.883,-3.92,-0.502,0.784,4.013,0.193,-0.685,0.63,139.042,-54.396,15.385,-2.741,0.0226,4.655,1.959,267,car,-14.233,-5.841,0.048,-0.37,15.384,0.177,0.1,-0.36
814.64,129.066,-50.325,3.99,-1.749,-0.1165,4.692,1.843,266,car,-0.901,-3.887,-0.528,0.73,3.985,0.198,-0.625,0.648,138.472,-54.629,15.388,-2.74,0.0228,4.655,1.959,267,car,-14.232,-5.853,0.05,-0.367,15.387,0.177,0.097,-0.357
814.68,129.029,-50.481,3.964,-1.754,-0.1253,4.692,1.843,266,car,-0.919,-3.856,-0.555,0.674,3.958,0.202,-0.562,0.669,137.903,-54.862,15.391,-2.739,0.0231,4.655,1.959,267,car,-14.23,-5.865,0.053,-0.366,15.39,0.184,0.095,-0.358
814.72,128.991,-50.635,3.94,-1.759,-0.1339,4.692,1.843,266,car,-0.938,-3.826,-0.586,0.617,3.935,0.205,-0.496,0.691,137.333,-55.095,15.395,-2.737,0.0233,4.655,1.959,267,car,-14.228,-5.878,0.056,-0.367,15.393,0.198,0.093,-0.359
814.76,128.953,-50.788,3.919,-1.765,-0.1425,4.692,1.843,266,car,-0.959,-3.8,-0.619,0.557,3.913,0.208,-0.427,0.715,136.764,-55.331,15.398,-2.735,0.0231,4.655,1.959,267,car,-14.226,-5.892,0.059,-0.369,15.396,0.214,0.092,-0.363
814.8,128.914,-50.939,3.9,-1.771,-0.1509,4.692,1.843,266,car,-0.98,-3.775,-0.656,0.495,3.895,0.21,-0.354,0.741,136.195,-55.568,15.401,-2.733,0.0226,4.655,1.959,267,car,-14.224,-5.904,0.062,-0.374,15.399,0.231,0.091,-0.368
814.84,128.875,-51.09,3.886,-1.777,-0.1593,4.692,1.843,266,car,-1.004,-3.754,-0.695,0.431,3.88,0.212,-0.279,0.769,135.626,-55.806,15.403,-2.732,0.0217,4.655,1.959,267,car,-14.222,-5.917,0.066,-0.38,15.401,0.243,0.091,-0.375
814.88,128.834,-51.239,3.874,-1.784,-0.1674,4.692,1.843,266,car,-1.029,-3.735,-0.738,0.365,3.868,0.214,-0.2,0.798,135.057,-56.044,15.405,-2.73,0.0207,4.655,1.959,267,car,-14.219,-5.929,0.069,-0.389,15.403,0.248,0.092,-0.385
814.92,128.793,-51.387,3.865,-1.791,-0.1755,4.692,1.843,266,car,-1.056,-3.719,-0.783,0.297,3.859,0.217,-0.119,0.829,134.487,-56.281,15.407,-2.73,0.0196,4.655,1.959,267,car,-14.216,-5.941,0.073,-0.402,15.405,0.243,0.094,-0.397
814.96,128.75,-51.534,3.861,-1.798,-0.1833,4.692,1.843,266,car,-1.084,-3.706,-0.831,0.229,3.855,0.22,-0.036,0.861,133.918,-56.518,15.409,-2.73,0.0188,4.655,1.959,267,car,-14.212,-5.955,0.075,-0.417,15.408,0.229,0.098,-0.412
815,128.705,-51.681,3.86,-1.806,-0.1909,4.692,1.843,266,car,-1.114,-3.696,-0.881,0.16,3.854,0.222,0.05,0.894,133.349,-56.755,15.411,-2.73,0.0184,4.655,1.959,267,car,-14.208,-5.97,0.077,-0.434,15.41,0.209,0.103,-0.429
815.04,128.658,-51.826,3.864,-1.814,-0.1983,4.692,1.843,266,car,-1.146,-3.691,-0.936,0.091,3.858,0.223,0.138,0.93,132.78,-56.992,15.414,-2.73,0.0183,4.655,1.959,267,car,-14.204,-5.986,0.078,-0.452,15.412,0.188,0.109,-0.446
815.08,128.611,-51.971,3.872,-1.823,-0.2055,4.692,1.843,266,car,-1.179,-3.689,-0.994,0.023,3.866,0.223,0.226,0.968,132.211,-57.23,15.416,-2.73,0.0187,4.655,1.959,267,car,-14.199,-6.004,0.077,-0.472,15.415,0.17,0.118,-0.463
815.12,128.564,-52.117,3.885,-1.831,-0.2125,4.692,1.843,266,car,-1.215,-3.69,-1.056,-0.043,3.879,0.224,0.314,1.01,131.643,-57.468,15.419,-2.73,0.0194,4.655,1.959,267,car,-14.194,-6.024,0.075,-0.491,15.419,0.161,0.128,-0.48
815.16,128.514,-52.263,3.902,-1.84,-0.2193,4.692,1.843,266,car,-1.253,-3.695,-1.122,-0.106,3.895,0.225,0.401,1.053,131.075,-57.708,15.423,-2.729,0.0203,4.655,1.959,267,car,-14.189,-6.045,0.071,-0.509,15.422,0.157,0.139,-0.494
815.2,128.464,-52.408,3.923,-1.849,-0.226,4.692,1.843,266,car,-1.295,-3.703,-1.192,-0.165,3.917,0.228,0.486,1.1,130.51,-57.948,15.429,-2.728,0.0213,4.655,1.959,267,car,-14.186,-6.067,0.065,-0.525,15.428,0.151,0.151,-0.507
815.24,128.413,-52.554,3.949,-1.858,-0.2327,4.692,1.843,266,car,-1.34,-3.715,-1.264,-0.22,3.942,0.233,0.569,1.15,129.945,-58.189,15.436,-2.727,0.0222,4.655,1.959,267,car,-14.183,-6.091,0.059,-0.538,15.435,0.144,0.163,-0.517
815.28,128.362,-52.703,3.979,-1.867,-0.2394,4.692,1.843,266,car,-1.389,-3.729,-1.338,-0.27,3.972,0.239,0.649,1.201,129.379,-58.433,15.444,-2.726,0.023,4.655,1.959,267,car,-14.181,-6.116,0.054,-0.549,15.443,0.137,0.173,-0.524
815.32,128.305,-52.85,4.013,-1.877,-0.2461,4.692,1.843,266,car,-1.442,-3.746,-1.414,-0.314,4.006,0.246,0.726,1.254,128.812,-58.678,15.452,-2.724,0.0237,4.655,1.959,267,car,-14.18,-6.141,0.049,-0.557,15.452,0.133,0.181,-0.529
815.36,128.247,-52.999,4.051,-1.887,-0.2528,4.692,1.843,266,car,-1.497,-3.764,-1.491,-0.352,4.043,0.253,0.798,1.308,128.246,-58.925,15.462,-2.723,0.0241,4.655,1.959,267,car,-14.179,-6.166,0.045,-0.561,15.461,0.124,0.187,-0.531
815.4,128.188,-53.15,4.092,-1.897,-0.2595,4.692,1.843,266,car,-1.556,-3.785,-1.568,-0.384,4.084,0.261,0.867,1.363,127.679,-59.172,15.471,-2.722,0.0244,4.655,1.959,267,car,-14.179,-6.191,0.042,-0.564,15.471,0.117,0.191,-0.532
815.44,128.127,-53.302,4.137,-1.907,-0.2662,4.692,1.843,266,car,-1.62,-3.807,-1.646,-0.41,4.128,0.272,0.93,1.418,127.112,-59.421,15.481,-2.721,0.0246,4.655,1.959,267,car,-14.178,-6.216,0.041,-0.563,15.48,0.11,0.192,-0.531
815.48,128.062,-53.455,4.184,-1.918,-0.2729,4.692,1.843,266,car,-1.687,-3.829,-1.722,-0.429,4.175,0.283,0.99,1.473,126.543,-59.67,15.49,-2.72,0.0246,4.655,1.959,267,car,-14.177,-6.24,0.041,-0.56,15.49,0.105,0.192,-0.528
815.52,127.998,-53.61,4.234,-1.93,-0.2793,4.692,1.843,266,car,-1.759,-3.852,-1.796,-0.443,4.224,0.295,1.045,1.527,125.975,-59.921,15.498,-2.719,0.0245,4.655,1.959,267,car,-14.176,-6.265,0.041,-0.555,15.498,0.103,0.191,-0.523
815.56,127.929,-53.766,4.287,-1.941,-0.2855,4.692,1.843,266,car,-1.835,-3.874,-1.867,-0.451,4.276,0.308,1.096,1.577,125.407,-60.173,15.506,-2.718,0.0243,4.655,1.959,267,car,-14.174,-6.289,0.041,-0.549,15.506,0.1,0.189,-0.517
815.6,127.855,-53.922,4.342,-1.953,-0.2914,4.692,1.843,266,car,-1.914,-3.897,-1.933,-0.455,4.33,0.323,1.143,1.624,124.84,-60.426,15.514,-2.716,0.0239,4.655,1.959,267,car,-14.172,-6.312,0.04,-0.54,15.514,0.095,0.186,-0.509
815.64,127.778,-54.079,4.399,-1.965,-0.2969,4.692,1.843,266,car,-1.997,-3.919,-1.994,-0.454,4.386,0.337,1.185,1.667,124.273,-60.68,15.521,-2.715,0.0234,4.655,1.959,267,car,-14.17,-6.334,0.039,-0.531,15.521,0.09,0.184,-0.5
815.68,127.697,-54.237,4.458,-1.978,-0.3021,4.692,1.843,266,car,-2.082,-3.942,-2.05,-0.449,4.444,0.352,1.223,1.705,123.706,-60.935,15.528,-2.714,0.0228,4.655,1.959,267,car,-14.168,-6.356,0.038,-0.521,15.528,0.084,0.181,-0.49
815.72,127.613,-54.395,4.518,-1.99,-0.3069,4.692,1.843,266,car,-2.169,-3.963,-2.1,-0.44,4.503,0.367,1.257,1.739,123.14,-61.19,15.535,-2.714,0.0222,4.655,1.959,267,car,-14.166,-6.377,0.037,-0.511,15.535,0.077,0.179,-0.48
815.76,127.524,-54.555,4.58,-2.003,-0.3113,4.692,1.843,266,car,-2.259,-3.984,-2.145,-0.428,4.564,0.382,1.287,1.769,122.573,-61.447,15.542,-2.713,0.0218,4.655,1.959,267,car,-14.164,-6.397,0.035,-0.501,15.542,0.07,0.177,-0.47
815.8,127.43,-54.717,4.642,-2.016,-0.3152,4.692,1.843,266,car,-2.349,-4.004,-2.185,-0.412,4.625,0.396,1.313,1.795,122.005,-61.703,15.548,-2.712,0.0213,4.655,1.959,267,car,-14.162,-6.417,0.032,-0.491,15.548,0.06,0.175,-0.46
815.84,127.333,-54.879,4.705,-2.029,-0.3186,4.692,1.843,266,car,-2.441,-4.022,-2.221,-0.395,4.687,0.409,1.337,1.817,121.439,-61.959,15.554,-2.712,0.0209,4.655,1.959,267,car,-14.16,-6.437,0.029,-0.482,15.554,0.053,0.174,-0.45
815.88,127.232,-55.04,4.769,-2.043,-0.3215,4.692,1.843,266,car,-2.533,-4.04,-2.252,-0.375,4.75,0.421,1.358,1.836,120.872,-62.216,15.561,-2.711,0.0205,4.655,1.959,267,car,-14.158,-6.457,0.025,-0.472,15.561,0.049,0.174,-0.439
815.92,127.128,-55.202,4.833,-2.056,-0.324,4.692,1.843,266,car,-2.627,-4.057,-2.281,-0.353,4.814,0.431,1.376,1.852,120.306,-62.474,15.567,-2.709,0.02,4.655,1.959,267,car,-14.156,-6.476,0.02,-0.461,15.567,0.048,0.175,-0.427
815.96,127.02,-55.364,4.898,-2.07,-0.3259,4.692,1.843,266,car,-2.721,-4.074,-2.306,-0.33,4.879,0.44,1.393,1.867,119.74,-62.734,15.574,-2.708,0.0194,4.655,1.959,267,car,-14.155,-6.495,0.015,-0.45,15.574,0.046,0.176,-0.415
816,126.909,-55.528,4.964,-2.083,-0.3276,4.692,1.843,266,car,-2.815,-4.089,-2.328,-0.304,4.944,0.45,1.406,1.881,119.175,-62.995,15.58,-2.708,0.0188,4.655,1.959,267,car,-14.154,-6.513,0.008,-0.439,15.58,0.043,0.177,-0.401
816.04,126.794,-55.692,5.03,-2.096,-0.3289,4.692,1.843,266,car,-2.911,-4.102,-2.349,-0.276,5.009,0.46,1.417,1.893,118.61,-63.256,15.587,-2.707,0.0182,4.655,1.959,267,car,-14.153,-6.531,0.002,-0.427,15.587,0.039,0.178,-0.388
816.08,126.676,-55.857,5.097,-2.11,-0.3299,4.692,1.843,266,car,-3.007,-4.115,-2.366,-0.247,5.075,0.469,1.426,1.904,118.044,-63.518,15.595,-2.706,0.0176,4.655,1.959,267,car,-14.154,-6.548,-0.004,-0.415,15.595,0.032,0.179,-0.375
816.12,126.554,-56.023,5.163,-2.123,-0.3307,4.692,1.843,266,car,-3.105,-4.126,-2.381,-0.217,5.141,0.479,1.434,1.914,117.479,-63.781,15.602,-2.706,0.017,4.655,1.959,267,car,-14.154,-6.564,-0.01,-0.404,15.602,0.025,0.18,-0.362
816.16,126.429,-56.19,5.23,-2.136,-0.3313,4.692,1.843,266,car,-3.203,-4.135,-2.394,-0.186,5.207,0.488,1.439,1.922,116.914,-64.045,15.61,-2.705,0.0166,4.655,1.959,267,car,-14.156,-6.579,-0.015,-0.393,15.61,0.02,0.18,-0.35
816.2,126.299,-56.356,5.297,-2.15,-0.3316,4.692,1.843,266,car,-3.302,-4.142,-2.403,-0.154,5.274,0.498,1.444,1.927,116.348,-64.309,15.618,-2.705,0.0163,4.655,1.959,267,car,-14.157,-6.594,-0.019,-0.384,15.618,0.015,0.179,-0.34
816.24,126.164,-56.523,5.364,-2.163,-0.3316,4.692,1.843,266,car,-3.401,-4.148,-2.41,-0.123,5.34,0.504,1.448,1.93,115.781,-64.573,15.625,-2.704,0.016,4.655,1.959,267,car,-14.159,-6.608,-0.021,-0.375,15.625,0.012,0.178,-0.331
816.28,126.027,-56.69,5.431,-2.177,-0.3313,4.692,1.843,266,car,-3.5,-4.153,-2.413,-0.092,5.407,0.51,1.451,1.931,115.214,-64.838,15.632,-2.704,0.0159,4.655,1.959,267,car,-14.161,-6.622,-0.023,-0.368,15.633,0.009,0.177,-0.323
816.32,125.885,-56.856,5.498,-2.191,-0.3307,4.692,1.843,266,car,-3.6,-4.156,-2.414,-0.062,5.474,0.516,1.453,1.929,114.648,-65.103,15.64,-2.703,0.0159,4.655,1.959,267,car,-14.163,-6.635,-0.024,-0.361,15.64,0.007,0.176,-0.317
816.36,125.74,-57.022,5.565,-2.204,-0.3297,4.692,1.843,266,car,-3.699,-4.158,-2.411,-0.032,5.541,0.521,1.453,1.924,114.081,-65.369,15.647,-2.702,0.0159,4.655,1.959,267,car,-14.164,-6.648,-0.025,-0.357,15.647,0.004,0.174,-0.312
816.4,125.59,-57.189,5.632,-2.218,-0.3283,4.692,1.843,266,car,-3.799,-4.158,-2.405,-0.003,5.608,0.525,1.452,1.917,113.514,-65.636,15.654,-2.702,0.0161,4.655,1.959,267,car,-14.166,-6.661,-0.024,-0.353,15.654,0,0.172,-0.309
816.44,125.435,-57.355,5.699,-2.231,-0.3265,4.692,1.843,266,car,-3.898,-4.157,-2.397,0.025,5.674,0.528,1.45,1.908,112.948,-65.903,15.661,-2.702,0.0165,4.655,1.959,267,car,-14.168,-6.674,-0.023,-0.351,15.661,-0.004,0.17,-0.308
816.48,125.276,-57.521,5.766,-2.245,-0.3244,4.692,1.843,266,car,-3.996,-4.156,-2.385,0.052,5.741,0.53,1.447,1.897,112.381,-66.17,15.668,-2.701,0.017,4.655,1.959,267,car,-14.17,-6.686,-0.021,-0.351,15.668,-0.008,0.169,-0.309
816.52,125.114,-57.687,5.832,-2.258,-0.3219,4.692,1.843,266,car,-4.094,-4.153,-2.371,0.079,5.808,0.531,1.442,1.884,111.815,-66.437,15.675,-2.701,0.0176,4.655,1.959,267,car,-14.172,-6.699,-0.018,-0.352,15.675,-0.01,0.166,-0.311
816.56,124.948,-57.854,5.898,-2.271,-0.3191,4.692,1.843,266,car,-4.191,-4.149,-2.355,0.106,5.874,0.532,1.437,1.869,111.248,-66.705,15.682,-2.7,0.0183,4.655,1.959,267,car,-14.173,-6.712,-0.014,-0.354,15.682,-0.009,0.164,-0.315
816.6,124.778,-58.022,5.962,-2.284,-0.316,4.692,1.843,266,car,-4.287,-4.143,-2.337,0.131,5.939,0.532,1.43,1.853,110.68,-66.974,15.689,-2.699,0.019,4.655,1.959,267,car,-14.174,-6.725,-0.009,-0.358,15.689,-0.006,0.161,-0.32
816.64,124.604,-58.188,6.026,-2.297,-0.3125,4.692,1.843,266,car,-4.383,-4.136,-2.317,0.154,6.003,0.53,1.423,1.834,110.112,-67.242,15.695,-2.698,0.0197,4.655,1.959,267,car,-14.175,-6.738,-0.003,-0.363,15.695,-0.004,0.159,-0.326
816.68,124.427,-58.353,6.09,-2.31,-0.3088,4.692,1.843,266,car,-4.477,-4.128,-2.295,0.176,6.067,0.528,1.416,1.814,109.544,-67.511,15.701,-2.697,0.0203,4.655,1.959,267,car,-14.175,-6.752,0.002,-0.368,15.701,-0.006,0.156,-0.333
816.72,124.245,-58.519,6.152,-2.322,-0.3049,4.692,1.843,266,car,-4.57,-4.119,-2.271,0.195,6.13,0.526,1.408,1.793,108.976,-67.78,15.707,-2.697,0.021,4.655,1.959,267,car,-14.174,-6.767,0.007,-0.373,15.707,-0.009,0.154,-0.34
816.76,124.06,-58.684,6.214,-2.335,-0.3007,4.692,1.843,266,car,-4.662,-4.109,-2.247,0.213,6.192,0.524,1.4,1.77,108.41,-68.05,15.713,-2.696,0.0218,4.655,1.959,267,car,-14.174,-6.782,0.012,-0.378,15.713,-0.011,0.153,-0.347
816.8,123.871,-58.849,6.276,-2.347,-0.2964,4.692,1.843,266,car,-4.753,-4.098,-2.221,0.228,6.254,0.523,1.393,1.745,107.843,-68.321,15.719,-2.695,0.0226,4.655,1.959,267,car,-14.173,-6.798,0.016,-0.383,15.719,-0.012,0.151,-0.353
816.84,123.679,-59.014,6.336,-2.358,-0.292,4.692,1.843,266,car,-4.842,-4.086,-2.195,0.24,6.314,0.522,1.386,1.719,107.276,-68.593,15.725,-2.694,0.0233,4.655,1.959,267,car,-14.172,-6.814,0.02,-0.387,15.725,-0.012,0.15,-0.358
816.88,123.484,-59.177,6.396,-2.37,-0.2877,4.692,1.843,266,car,-4.931,-4.073,-2.168,0.249,6.374,0.521,1.38,1.69,106.71,-68.865,15.732,-2.693,0.0241,4.655,1.959,267,car,-14.172,-6.831,0.024,-0.39,15.732,-0.011,0.148,-0.362
816.92,123.283,-59.34,6.455,-2.381,-0.2833,4.692,1.843,266,car,-5.018,-4.06,-2.14,0.254,6.434,0.519,1.375,1.659,106.143,-69.139,15.738,-2.692,0.0248,4.655,1.959,267,car,-14.171,-6.847,0.028,-0.392,15.738,-0.011,0.145,-0.366
816.96,123.08,-59.502,6.513,-2.392,-0.279,4.692,1.843,266,car,-5.104,-4.047,-2.112,0.257,6.493,0.514,1.371,1.626,105.577,-69.413,15.745,-2.691,0.0254,4.655,1.959,267,car,-14.17,-6.864,0.033,-0.393,15.745,-0.009,0.142,-0.368
817,122.873,-59.663,6.571,-2.403,-0.2746,4.692,1.843,266,car,-5.188,-4.034,-2.084,0.256,6.552,0.507,1.369,1.592,105.01,-69.688,15.751,-2.69,0.0261,4.655,1.959,267,car,-14.169,-6.881,0.037,-0.393,15.751,-0.006,0.138,-0.37
817.04,122.663,-59.824,6.629,-2.414,-0.2701,4.692,1.843,266,car,-5.27,-4.021,-2.056,0.253,6.61,0.5,1.368,1.556,104.443,-69.965,15.757,-2.689,0.0267,4.655,1.959,267,car,-14.167,-6.897,0.042,-0.393,15.757,-0.003,0.134,-0.371
817.08,122.45,-59.983,6.686,-2.425,-0.2654,4.692,1.843,266,car,-5.351,-4.009,-2.03,0.248,6.668,0.49,1.368,1.52,103.876,-70.242,15.763,-2.688,0.0272,4.655,1.959,267,car,-14.166,-6.913,0.047,-0.392,15.763,0.001,0.13,-0.372
817.12,122.235,-60.142,6.744,-2.436,-0.2604,4.692,1.843,266,car,-5.432,-3.997,-2.005,0.241,6.727,0.478,1.37,1.483,103.31,-70.519,15.768,-2.686,0.0277,4.655,1.959,267,car,-14.164,-6.929,0.052,-0.39,15.768,0.006,0.125,-0.373
817.16,122.016,-60.301,6.802,-2.447,-0.255,4.692,1.843,266,car,-5.511,-3.987,-1.98,0.233,6.786,0.464,1.372,1.446,102.744,-70.798,15.773,-2.685,0.028,4.655,1.959,267,car,-14.162,-6.944,0.057,-0.389,15.773,0.01,0.121,-0.374
817.2,121.794,-60.457,6.86,-2.458,-0.2492,4.692,1.843,266,car,-5.59,-3.977,-1.956,0.224,6.846,0.449,1.375,1.41,102.178,-71.077,15.778,-2.684,0.0283,4.655,1.959,267,car,-14.16,-6.959,0.062,-0.389,15.778,0.013,0.116,-0.376
817.24,121.569,-60.615,6.919,-2.468,-0.243,4.692,1.843,266,car,-5.667,-3.968,-1.933,0.215,6.905,0.433,1.377,1.374,101.611,-71.356,15.782,-2.683,0.0286,4.655,1.959,267,car,-14.158,-6.973,0.068,-0.39,15.782,0.015,0.111,-0.38
817.28,121.342,-60.775,6.977,-2.478,-0.2365,4.692,1.843,266,car,-5.744,-3.96,-1.911,0.206,6.964,0.419,1.378,1.339,101.045,-71.635,15.787,-2.682,0.0289,4.655,1.959,267,car,-14.156,-6.988,0.075,-0.391,15.787,0.018,0.107,-0.384
817.32,121.112,-60.933,7.036,-2.488,-0.2296,4.692,1.843,266,car,-5.821,-3.951,-1.888,0.198,7.024,0.405,1.378,1.305,100.478,-71.914,15.791,-2.681,0.0292,4.655,1.959,267,car,-14.153,-7.003,0.081,-0.394,15.791,0.021,0.102,-0.389
817.36,120.879,-61.091,7.094,-2.497,-0.2226,4.692,1.843,266,car,-5.897,-3.943,-1.865,0.188,7.083,0.393,1.377,1.271,99.911,-72.195,15.794,-2.68,0.0295,4.655,1.959,267,car,-14.149,-7.018,0.088,-0.397,15.794,0.025,0.099,-0.394
817.4,120.642,-61.249,7.153,-2.506,-0.2154,4.692,1.843,266,car,-5.973,-3.935,-1.841,0.179,7.143,0.382,1.375,1.237,99.344,-72.475,15.797,-2.678,0.0296,4.655,1.959,267,car,-14.145,-7.033,0.093,-0.401,15.797,0.033,0.096,-0.4
817.44,120.403,-61.405,7.212,-2.514,-0.2082,4.692,1.843,266,car,-6.048,-3.928,-1.816,0.169,7.202,0.374,1.37,1.204,98.778,-72.756,15.8,-2.677,0.0296,4.655,1.959,267,car,-14.141,-7.049,0.099,-0.405,15.8,0.037,0.093,-0.406
817.48,120.16,-61.562,7.271,-2.522,-0.2011,4.692,1.843,266,car,-6.122,-3.922,-1.789,0.16,7.262,0.365,1.363,1.169,98.212,-73.038,15.803,-2.675,0.0294,4.655,1.959,267,car,-14.136,-7.065,0.103,-0.409,15.803,0.044,0.092,-0.412
817.52,119.915,-61.718,7.33,-2.53,-0.1941,4.692,1.843,266,car,-6.196,-3.916,-1.76,0.151,7.321,0.356,1.354,1.135,97.647,-73.32,15.806,-2.674,0.029,4.655,1.959,267,car,-14.131,-7.081,0.107,-0.414,15.806,0.05,0.091,-0.417
817.56,119.666,-61.873,7.389,-2.537,-0.1872,4.692,1.843,266,car,-6.269,-3.911,-1.729,0.143,7.381,0.345,1.341,1.1,97.082,-73.604,15.81,-2.673,0.0285,4.655,1.959,267,car,-14.126,-7.098,0.11,-0.418,15.809,0.052,0.091,-0.422
817.6,119.414,-62.029,7.448,-2.544,-0.1806,4.692,1.843,266,car,-6.341,-3.906,-1.695,0.136,7.44,0.336,1.325,1.066,96.518,-73.888,15.813,-2.671,0.0278,4.655,1.959,267,car,-14.122,-7.115,0.113,-0.422,15.813,0.055,0.091,-0.427
817.64,119.16,-62.185,7.506,-2.551,-0.1741,4.692,1.843,266,car,-6.412,-3.902,-1.659,0.13,7.499,0.327,1.305,1.031,95.953,-74.172,15.816,-2.67,0.0269,4.655,1.959,267,car,-14.117,-7.132,0.115,-0.425,15.816,0.052,0.091,-0.431
817.68,118.903,-62.341,7.563,-2.558,-0.1678,4.692,1.843,266,car,-6.481,-3.899,-1.619,0.126,7.557,0.318,1.282,0.997,95.389,-74.457,15.82,-2.669,0.026,4.655,1.959,267,car,-14.112,-7.15,0.117,-0.428,15.82,0.051,0.091,-0.435
817.72,118.643,-62.496,7.62,-2.564,-0.1616,4.692,1.843,266,car,-6.549,-3.895,-1.576,0.123,7.614,0.309,1.254,0.963,94.825,-74.744,15.824,-2.668,0.025,4.655,1.959,267,car,-14.107,-7.168,0.119,-0.431,15.824,0.05,0.091,-0.438
817.76,118.381,-62.652,7.676,-2.571,-0.1554,4.692,1.843,266,car,-6.616,-3.892,-1.53,0.122,7.67,0.3,1.221,0.929,94.261,-75.031,15.828,-2.667,0.024,4.655,1.959,267,car,-14.102,-7.185,0.12,-0.433,15.827,0.05,0.091,-0.44
817.8,118.115,-62.807,7.73,-2.577,-0.1495,4.692,1.843,266,car,-6.681,-3.889,-1.479,0.122,7.725,0.292,1.184,0.895,93.697,-75.319,15.831,-2.666,0.023,4.655,1.959,267,car,-14.098,-7.203,0.122,-0.434,15.831,0.048,0.09,-0.442
817.84,117.847,-62.962,7.784,-2.582,-0.1436,4.692,1.843,266,car,-6.744,-3.886,-1.425,0.125,7.779,0.284,1.142,0.862,93.133,-75.608,15.835,-2.665,0.022,4.655,1.959,267,car,-14.093,-7.221,0.124,-0.435,15.835,0.044,0.09,-0.444
817.88,117.576,-63.116,7.835,-2.588,-0.1381,4.692,1.843,266,car,-6.806,-3.883,-1.367,0.129,7.831,0.276,1.095,0.829,92.569,-75.897,15.839,-2.664,0.0211,4.655,1.959,267,car,-14.088,-7.239,0.126,-0.436,15.839,0.039,0.089,-0.445
817.92,117.303,-63.272,7.885,-2.593,-0.1327,4.692,1.843,266,car,-6.864,-3.88,-1.304,0.136,7.88,0.268,1.042,0.796,92.006,-76.187,15.842,-2.664,0.0202,4.655,1.959,267,car,-14.083,-7.257,0.127,-0.436,15.842,0.035,0.088,-0.446
817.96,117.026,-63.428,7.932,-2.598,-0.1276,4.692,1.843,266,car,-6.92,-3.876,-1.238,0.144,7.927,0.262,0.985,0.764,91.442,-76.478,15.846,-2.663,0.0195,4.655,1.959,267,car,-14.077,-7.274,0.129,-0.436,15.846,0.028,0.087,-0.447
818,116.747,-63.584,7.975,-2.602,-0.1228,4.692,1.843,266,car,-6.972,-3.872,-1.169,0.155,7.971,0.257,0.924,0.733,90.879,-76.77,15.848,-2.662,0.019,4.655,1.959,267,car,-14.071,-7.292,0.13,-0.436,15.848,0.018,0.086,-0.447
818.04,116.465,-63.74,8.016,-2.607,-0.1182,4.692,1.843,266,car,-7.021,-3.867,-1.097,0.166,8.012,0.251,0.859,0.702,90.315,-77.063,15.851,-2.662,0.0186,4.655,1.959,267,car,-14.066,-7.309,0.13,-0.436,15.851,0.006,0.086,-0.447
818.08,116.181,-63.896,8.052,-2.611,-0.1139,4.692,1.843,266,car,-7.067,-3.86,-1.024,0.178,8.048,0.244,0.793,0.672,89.753,-77.356,15.854,-2.662,0.0185,4.655,1.959,267,car,-14.06,-7.326,0.13,-0.437,15.854,-0.004,0.087,-0.447
818.12,115.896,-64.052,8.085,-2.615,-0.1099,4.692,1.843,266,car,-7.108,-3.853,-0.949,0.19,8.082,0.238,0.725,0.641,89.191,-77.65,15.856,-2.661,0.0185,4.655,1.959,267,car,-14.054,-7.343,0.129,-0.438,15.856,-0.012,0.089,-0.448
818.16,115.609,-64.206,8.115,-2.62,-0.1059,4.692,1.843,266,car,-7.146,-3.845,-0.874,0.202,8.112,0.23,0.657,0.611,88.631,-77.943,15.86,-2.66,0.0187,4.655,1.959,267,car,-14.049,-7.36,0.128,-0.44,15.86,-0.021,0.09,-0.449
818.2,115.321,-64.36,8.141,-2.624,-0.1019,4.692,1.843,266,car,-7.18,-3.836,-0.799,0.213,8.138,0.22,0.589,0.581,88.069,-78.237,15.864,-2.66,0.019,4.655,1.959,267,car,-14.044,-7.377,0.127,-0.442,15.864,-0.028,0.092,-0.45
818.24,115.031,-64.514,8.163,-2.628,-0.098,4.692,1.843,266,car,-7.211,-3.827,-0.725,0.223,8.161,0.21,0.522,0.551,87.507,-78.532,15.868,-2.659,0.0194,4.655,1.959,267,car,-14.039,-7.395,0.126,-0.444,15.868,-0.035,0.094,-0.452
818.28,114.74,-64.667,8.182,-2.632,-0.0941,4.692,1.843,266,car,-7.238,-3.817,-0.654,0.233,8.18,0.2,0.457,0.522,86.946,-78.829,15.872,-2.658,0.0199,4.655,1.959,267,car,-14.035,-7.412,0.126,-0.446,15.872,-0.042,0.096,-0.454
818.32,114.447,-64.819,8.198,-2.636,-0.0901,4.692,1.843,266,car,-7.26,-3.806,-0.585,0.241,8.195,0.189,0.395,0.494,86.384,-79.126,15.875,-2.658,0.0205,4.655,1.959,267,car,-14.029,-7.429,0.126,-0.449,15.875,-0.048,0.098,-0.456
818.36,114.154,-64.971,8.21,-2.639,-0.0861,4.692,1.843,266,car,-7.279,-3.796,-0.52,0.248,8.208,0.178,0.336,0.468,85.823,-79.424,15.879,-2.657,0.0211,4.655,1.959,267,car,-14.024,-7.447,0.125,-0.452,15.879,-0.055,0.1,-0.458
818.4,113.861,-65.123,8.219,-2.643,-0.0821,4.692,1.843,266,car,-7.295,-3.785,-0.46,0.255,8.217,0.167,0.282,0.444,85.262,-79.723,15.882,-2.656,0.0218,4.655,1.959,267,car,-14.019,-7.464,0.125,-0.456,15.882,-0.059,0.103,-0.462
818.44,113.567,-65.275,8.225,-2.646,-0.078,4.692,1.843,266,car,-7.308,-3.774,-0.405,0.26,8.223,0.157,0.232,0.421,84.701,-80.022,15.886,-2.655,0.0223,4.655,1.959,267,car,-14.014,-7.481,0.124,-0.461,15.886,-0.06,0.106,-0.466
818.48,113.274,-65.426,8.229,-2.649,-0.074,4.692,1.843,266,car,-7.318,-3.762,-0.355,0.264,8.227,0.148,0.188,0.401,84.14,-80.322,15.889,-2.654,0.0228,4.655,1.959,267,car,-14.009,-7.499,0.123,-0.467,15.889,-0.06,0.11,-0.47
818.52,112.981,-65.576,8.231,-2.652,-0.0701,4.692,1.843,266,car,-7.327,-3.75,-0.312,0.267,8.229,0.139,0.149,0.383,83.58,-80.622,15.893,-2.653,0.0231,4.655,1.959,267,car,-14.003,-7.516,0.122,-0.474,15.893,-0.061,0.115,-0.476
818.56,112.688,-65.726,8.231,-2.654,-0.0662,4.692,1.843,266,car,-7.333,-3.738,-0.274,0.269,8.23,0.13,0.116,0.366,83.021,-80.922,15.898,-2.652,0.0233,4.655,1.959,267,car,-13.999,-7.535,0.12,-0.482,15.898,-0.06,0.121,-0.482
818.6,112.395,-65.874,8.231,-2.657,-0.0624,4.692,1.843,266,car,-7.339,-3.727,-0.242,0.269,8.23,0.121,0.088,0.351,82.462,-81.223,15.903,-2.65,0.0232,4.655,1.959,267,car,-13.994,-7.554,0.119,-0.49,15.903,-0.059,0.126,-0.488
818.64,112.102,-66.023,8.23,-2.659,-0.0587,4.692,1.843,266,car,-7.343,-3.715,-0.215,0.269,8.229,0.114,0.066,0.338,81.902,-81.524,15.908,-2.649,0.023,4.655,1.959,267,car,-13.99,-7.574,0.118,-0.498,15.908,-0.061,0.131,-0.495
818.68,111.809,-66.171,8.228,-2.662,-0.0551,4.692,1.843,266,car,-7.347,-3.704,-0.194,0.268,8.227,0.107,0.048,0.327,81.342,-81.828,15.914,-2.648,0.0225,4.655,1.959,267,car,-13.985,-7.594,0.118,-0.506,15.914,-0.065,0.136,-0.501
818.72,111.516,-66.319,8.225,-2.664,-0.0516,4.692,1.843,266,car,-7.35,-3.692,-0.177,0.267,8.225,0.102,0.034,0.318,80.783,-82.132,15.92,-2.647,0.022,4.655,1.959,267,car,-13.981,-7.614,0.117,-0.514,15.92,-0.07,0.14,-0.508
818.76,111.222,-66.467,8.222,-2.665,-0.0483,4.692,1.843,266,car,-7.353,-3.68,-0.164,0.264,8.222,0.1,0.025,0.31,80.224,-82.436,15.926,-2.646,0.0214,4.655,1.959,267,car,-13.976,-7.636,0.117,-0.521,15.926,-0.077,0.144,-0.514
818.8,110.928,-66.616,8.219,-2.667,-0.0454,4.692,1.843,266,car,-7.355,-3.668,-0.156,0.26,8.218,0.099,0.02,0.303,79.665,-82.741,15.933,-2.646,0.0209,4.655,1.959,267,car,-13.972,-7.657,0.117,-0.527,15.933,-0.086,0.148,-0.519
818.84,110.634,-66.764,8.215,-2.668,-0.0427,4.692,1.843,266,car,-7.357,-3.655,-0.153,0.254,8.214,0.101,0.02,0.296,79.107,-83.048,15.94,-2.645,0.0204,4.655,1.959,267,car,-13.968,-7.679,0.118,-0.533,15.939,-0.094,0.15,-0.525
818.88,110.341,-66.912,8.211,-2.669,-0.0404,4.692,1.843,266,car,-7.36,-3.642,-0.153,0.245,8.211,0.104,0.024,0.288,78.548,-83.356,15.946,-2.644,0.0199,4.655,1.959,267,car,-13.964,-7.701,0.119,-0.538,15.946,-0.103,0.152,-0.529
818.92,110.047,-67.059,8.208,-2.67,-0.0385,4.692,1.843,266,car,-7.362,-3.628,-0.157,0.233,8.207,0.108,0.034,0.279,77.989,-83.665,15.953,-2.643,0.0194,4.655,1.959,267,car,-13.959,-7.723,0.121,-0.542,15.953,-0.113,0.152,-0.534
818.96,109.754,-67.206,8.205,-2.672,-0.0367,4.692,1.843,266,car,-7.366,-3.614,-0.163,0.216,8.204,0.113,0.048,0.267,77.431,-83.974,15.96,-2.643,0.0189,4.655,1.959,267,car,-13.955,-7.745,0.123,-0.545,15.96,-0.123,0.153,-0.538
819,109.46,-67.35,8.202,-2.673,-0.0352,4.692,1.843,266,car,-7.37,-3.601,-0.173,0.196,8.202,0.116,0.066,0.253,76.873,-84.284,15.967,-2.642,0.0185,4.655,1.959,267,car,-13.95,-7.768,0.126,-0.548,15.966,-0.133,0.153,-0.541
819.04,109.164,-67.494,8.201,-2.674,-0.0337,4.692,1.843,266,car,-7.374,-3.589,-0.185,0.17,8.2,0.119,0.089,0.235,76.315,-84.596,15.974,-2.641,0.018,4.655,1.959,267,car,-13.945,-7.79,0.128,-0.551,15.973,-0.144,0.152,-0.545
819.08,108.869,-67.637,8.2,-2.675,-0.0324,4.692,1.843,266,car,-7.378,-3.578,-0.2,0.14,8.199,0.12,0.116,0.215,75.757,-84.908,15.98,-2.64,0.0174,4.655,1.959,267,car,-13.94,-7.813,0.131,-0.553,15.98,-0.154,0.151,-0.548
819.12,108.574,-67.778,8.201,-2.677,-0.0309,4.692,1.843,266,car,-7.384,-3.569,-0.218,0.107,8.2,0.119,0.147,0.193,75.199,-85.221,15.987,-2.64,0.0169,4.655,1.959,267,car,-13.935,-7.835,0.134,-0.555,15.986,-0.165,0.15,-0.55
819.16,108.277,-67.918,8.203,-2.678,-0.0294,4.692,1.843,266,car,-7.389,-3.562,-0.238,0.07,8.202,0.115,0.182,0.169,74.642,-85.535,15.993,-2.639,0.0163,4.655,1.959,267,car,-13.93,-7.858,0.137,-0.556,15.992,-0.176,0.148,-0.553
819.2,107.981,-68.059,8.207,-2.68,-0.0276,4.692,1.843,266,car,-7.396,-3.558,-0.262,0.031,8.206,0.11,0.221,0.145,74.084,-85.85,16,-2.638,0.0156,4.655,1.959,267,car,-13.924,-7.88,0.139,-0.557,15.998,-0.188,0.146,-0.555
819.24,107.686,-68.201,8.212,-2.681,-0.0256,4.692,1.843,266,car,-7.403,-3.555,-0.289,-0.009,8.211,0.104,0.263,0.12,73.527,-86.166,16.006,-2.638,0.0148,4.655,1.959,267,car,-13.919,-7.903,0.142,-0.557,16.004,-0.199,0.145,-0.557
819.28,107.39,-68.342,8.219,-2.683,-0.0232,4.692,1.843,266,car,-7.411,-3.554,-0.32,-0.051,8.219,0.098,0.309,0.096,72.97,-86.482,16.012,-2.637,0.0139,4.655,1.959,267,car,-13.913,-7.925,0.145,-0.558,16.01,-0.21,0.143,-0.558
819.32,107.094,-68.483,8.229,-2.684,-0.0206,4.692,1.843,266,car,-7.422,-3.555,-0.352,-0.094,8.229,0.092,0.358,0.071,72.414,-86.8,16.017,-2.636,0.0129,4.655,1.959,267,car,-13.907,-7.948,0.147,-0.558,16.016,-0.221,0.142,-0.56
819.36,106.798,-68.624,8.242,-2.685,-0.0177,4.692,1.843,266,car,-7.434,-3.558,-0.388,-0.138,8.241,0.086,0.409,0.047,71.858,-87.118,16.023,-2.635,0.0115,4.655,1.959,267,car,-13.9,-7.97,0.149,-0.558,16.022,-0.232,0.141,-0.561
819.4,106.502,-68.766,8.257,-2.686,-0.0147,4.692,1.843,266,car,-7.448,-3.564,-0.424,-0.181,8.256,0.079,0.461,0.024,71.302,-87.438,16.029,-2.635,0.01,4.655,1.959,267,car,-13.894,-7.992,0.15,-0.559,16.027,-0.242,0.14,-0.561
819.44,106.205,-68.908,8.274,-2.686,-0.0115,4.692,1.843,266,car,-7.464,-3.572,-0.462,-0.225,8.274,0.075,0.514,0.001,70.746,-87.758,16.034,-2.634,0.0082,4.655,1.959,267,car,-13.887,-8.015,0.151,-0.559,16.032,-0.253,0.139,-0.562
819.48,105.907,-69.05,8.295,-2.687,-0.0083,4.692,1.843,266,car,-7.482,-3.581,-0.501,-0.268,8.295,0.07,0.568,-0.021,70.19,-88.079,16.04,-2.633,0.0061,4.655,1.959,267,car,-13.881,-8.037,0.152,-0.559,16.038,-0.263,0.139,-0.562
819.52,105.609,-69.193,8.318,-2.687,-0.005,4.692,1.843,266,car,-7.502,-3.593,-0.54,-0.31,8.318,0.065,0.621,-0.042,69.636,-88.4,16.046,-2.632,0.0038,4.655,1.959,267,car,-13.874,-8.06,0.152,-0.559,16.043,-0.27,0.14,-0.562
819.56,105.309,-69.337,8.344,-2.687,-0.0033,4.692,1.843,266,car,-7.524,-3.606,-0.579,-0.351,8.343,0.061,0.674,-0.062,69.082,-88.724,16.052,-2.631,0.0026,4.655,1.959,267,car,-13.868,-8.082,0.152,-0.559,16.049,-0.276,0.14,-0.562
